{
	"uid":12345678, 
	"object":"boundary", 
	"action":"read", 
	"brea":1,
	"boundary": {
		"bid":6,
		"x": [
			120.991607,
			120.991274,
			120.992881,
			120.995134,
			120.995338,
			120.994147
		],
		"y":[
			24.796027, 
			24.793880, 
			24.792701, 
			24.791932, 
			24.795682, 
			24.796442
		]
	}
}
